Yaş grubu Age group,Cinsiyet Sex,Toplam Total,Tayin / iş değişikliği Assignation / change of job,İşe  başlamak / iş bulmak Starting / finding a job,Eğitim Education,Medeni durum değişikliği / ailevi nedenler  Change of marital status / family-related reasons,Daha iyi konut  ve yaşam koşulları  Better  housing and  living conditions,Hane / aile fertlerinden  birine bağımlı göç Migration related to any member of the household / family,Aile yanına / memlekete geri dönme(1)  Returning to family home / hometown(1),Sağlık / bakım  Health / care,Ev alınması Buying a house,Emeklilik Retirement,Diğer Other,Bilinmeyen Unknown
Toplam-Total ,Toplam-Total ,2475019.0,269153,219490,406144,131755,510226.0,564114.0,86189.0,14355.0,60022.0,11885,43388.0,158298.0
,Erkek-Male,1176334.0,194230,120857,152329,39843,253093.0,229214.0,42118.0,6074.0,30718.0,9086,22177.0,76595.0
,Kadın-Female,1298685.0,74923,98633,253815,91912,257133.0,334900.0,44071.0,8281.0,29304.0,2799,21211.0,81703.0
0-4,Toplam-Total,127993.0,-,-,-,-,20237.0,94469.0,5099.0,335.0,2557.0,-,3277.0,2019.0
,Erkek-Male,65679.0,-,-,-,-,10374.0,48521.0,2573.0,175.0,1281.0,-,1715.0,1040.0
,Kadın-Female,62314.0,-,-,-,-,9863.0,45948.0,2526.0,160.0,1276.0,-,1562.0,979.0
5-9,Toplam-Total,152911.0,-,-,-,-,27449.0,105694.0,7083.0,366.0,3570.0,-,5046.0,3703.0
,Erkek-Male,78468.0,-,-,-,-,14120.0,54181.0,3603.0,193.0,1844.0,-,2631.0,1896.0
,Kadın-Female,74443.0,-,-,-,-,13329.0,51513.0,3480.0,173.0,1726.0,-,2415.0,1807.0
10-14,Toplam-Total,127178.0,-,-,2584,-,24220.0,81169.0,6629.0,342.0,3643.0,-,5392.0,3199.0
,Erkek-Male,65505.0,-,-,1215,-,12510.0,41924.0,3383.0,194.0,1854.0,-,2817.0,1608.0
,Kadın-Female,61673.0,-,-,1369,-,11710.0,39245.0,3246.0,148.0,1789.0,-,2575.0,1591.0
15-19,Toplam-Total,321255.0,9511,24529,196504,5112,19488.0,43638.0,5409.0,383.0,2494.0,-,4163.0,10024.0
,Erkek-Male,137594.0,6490,12854,75314,358,9504.0,21954.0,2814.0,197.0,1276.0,-,1877.0,4956.0
,Kadın-Female,183661.0,3021,11675,121190,4754,9984.0,21684.0,2595.0,186.0,1218.0,-,2286.0,5068.0
20-24,Toplam-Total,480185.0,30119,75591,179612,26164,42391.0,30221.0,8481.0,485.0,2076.0,-,2497.0,82548.0
,Erkek-Male,199326.0,19852,36389,64216,4006,18876.0,11109.0,3905.0,234.0,1029.0,-,1252.0,38458.0
,Kadın-Female,280859.0,10267,39202,115396,22158,23515.0,19112.0,4576.0,251.0,1047.0,-,1245.0,44090.0
25-29,Toplam-Total,333687.0,63261,46467,22187,51157,69918.0,43134.0,9134.0,588.0,3383.0,-,2905.0,21553.0
,Erkek-Male,151424.0,43713,26318,9209,15355,30694.0,8162.0,4172.0,302.0,1660.0,-,1338.0,10501.0
,Kadın-Female,182263.0,19548,20149,12978,35802,39224.0,34972.0,4962.0,286.0,1723.0,-,1567.0,11052.0
30-34,Toplam-Total,239745.0,70860,23569,4430,22422,55637.0,38779.0,7238.0,565.0,4714.0,-,2607.0,8924.0
,Erkek-Male,121409.0,52495,13512,1994,8796,26251.0,6612.0,3284.0,301.0,2376.0,-,1141.0,4647.0
,Kadın-Female,118336.0,18365,10057,2436,13626,29386.0,32167.0,3954.0,264.0,2338.0,-,1466.0,4277.0
35-39,Toplam-Total,157189.0,40971,15866,787,9605,42814.0,26782.0,6054.0,483.0,5037.0,-,3026.0,5764.0
,Erkek-Male,82454.0,30570,9690,368,3725,21943.0,5766.0,2864.0,251.0,2728.0,-,1459.0,3090.0
,Kadın-Female,74735.0,10401,6176,419,5880,20871.0,21016.0,3190.0,232.0,2309.0,-,1567.0,2674.0
40-44,Toplam-Total,118326.0,23749,11887,40,5868,35416.0,23196.0,5245.0,536.0,5066.0,-,2943.0,4380.0
,Erkek-Male,61282.0,17233,7399,13,2386,18872.0,5863.0,2585.0,280.0,2747.0,-,1507.0,2397.0
,Kadın-Female,57044.0,6516,4488,27,3482,16544.0,17333.0,2660.0,256.0,2319.0,-,1436.0,1983.0
45-49,Toplam-Total,100484.0,15593,9253,-,3942,30276.0,21052.0,5097.0,570.0,5117.0,3132,2751.0,3701.0
,Erkek-Male,52833.0,11577,6017,-,1699,15881.0,6258.0,2522.0,299.0,2676.0,2531,1452.0,1921.0
,Kadın-Female,47651.0,4016,3236,-,2243,14395.0,14794.0,2575.0,271.0,2441.0,601,1299.0,1780.0
50-54,Toplam-Total,83090.0,9336,6186,-,2719,28039.0,17338.0,4758.0,684.0,5136.0,3418,2394.0,3082.0
,Erkek-Male,43397.0,7541,4242,-,1245,14244.0,5527.0,2312.0,309.0,2482.0,2691,1259.0,1545.0
,Kadın-Female,39693.0,1795,1944,-,1474,13795.0,11811.0,2446.0,375.0,2654.0,727,1135.0,1537.0
55-59,Toplam-Total,63136.0,3830,3558,-,1667,25375.0,12125.0,4145.0,762.0,4931.0,2273,1843.0,2627.0
,Erkek-Male,32836.0,3127,2505,-,769,13406.0,4157.0,2057.0,366.0,2386.0,1689,1057.0,1317.0
,Kadın-Female,30300.0,703,1053,-,898,11969.0,7968.0,2088.0,396.0,2545.0,584,786.0,1310.0
60-64,Toplam-Total,59810.0,1813,2292,-,1295,28004.0,10495.0,4347.0,1009.0,4869.0,1607,1753.0,2326.0
,Erkek-Male,30895.0,1555,1733,-,627,15017.0,3497.0,2215.0,458.0,2440.0,1158,1020.0,1175.0
,Kadın-Female,28915.0,258,559,-,668,12987.0,6998.0,2132.0,551.0,2429.0,449,733.0,1151.0
65+,Toplam-Total,110030.0,110,292,-,1804,60962.0,16022.0,7470.0,7247.0,7429.0,1455,2791.0,4448.0
,Erkek-Male,53232.0,77,198,-,877,31401.0,5683.0,3829.0,2515.0,3939.0,1017,1652.0,2044.0
,Kadın-Female,56798.0,33,94,-,927,29561.0,10339.0,3641.0,4732.0,3490.0,438,1139.0,2404.0
"TÜİK, İç Göç İstatistikleri, 2025",,,,,,,,,,,,,,
"TurkStat, Internal Migration Statistics, 2025",,,,,,,,,,,,,,
"(1) Ülkemizde 6 Şubat 2023 tarihinde yaşanan deprem sonrasında başka bir ile göç eden kişilerden, deprem öncesindeki ikamet ettikleri illere geri dönen kişiler “Aile yanına / memlekete geri dönme” başlığı altında değerlendirilmiştir.",,,,,,,,,,,,,,
"(1) Those who migrated to another province after the earthquake occurred in Türkiye on February 6, 2023, and later returned to pre-earthquake province of residence are classified under the category of “Returning to family home / hometown”.",,,,,,,,,,,,,,
- Bilgi yoktur.,,,,,,,,,,,,,,
- Denotes magnitude null.,,,,,,,,,,,,,,
